date,step_cost_eur,degradation_penalty,pv_production_kWh,consumption_kWh,pv_to_grid_kWh,discharge_to_grid_kWh,grid_to_house_kWh,total_cost,total_sold
2023-01-01,3.176541773529058,0.0073827920728457746,2.22036,17.663543806697458,0.9867246918286083,4.962899270612276,16.23723620438345,3.1839245656019037,5.949623962440884
2023-01-02,1.7869356787273332,0.0076642579018621195,21.16236,14.480205468170935,12.061320048570781,2.332441368895198,11.2965269333313,1.7945999366291954,14.39376141746598
2023-01-03,1.9995149861612065,0.007378843905914759,17.114160000000002,15.790266481506832,8.93174031821546,2.4048344645985447,11.964051571648367,2.006893830067121,11.336574782814004
2023-01-04,2.371259499117875,0.0033207347394512824,2.62254,13.18626314718393,1.1575773899971245,1.0554684394363831,11.667757560572168,2.3745802338573263,2.213045829433508
2023-01-05,1.7528591756013325,0.007576270274507544,14.29452,13.393086937631624,5.89499283628884,2.147048280168498,9.846490071929148,1.76043544587584,8.042041116457337
2023-01-06,2.5415128442831674,0.0028572278967497183,3.3423,13.878615496732749,1.3976226742597817,0.7362851126422135,12.459668615415177,2.544370072179917,2.1339077869019953
2023-01-07,3.1120800646813698,0.0034012211078948036,1.9569599999999998,17.010751114957998,0.7592696037965116,0.903908324276565,15.30504600909563,3.1154812857892646,1.6631779280730767
2023-01-08,3.0830291570137556,0.002175955994942197,1.65468,16.16807660716775,0.6653609997730847,0.4682378669228153,15.006410431327394,3.0852051130086977,1.1335988666959
2023-01-09,2.6126068772426314,0.005980709959354036,9.83508,16.615313961146587,3.8669199637569487,1.5323892625791433,13.617954225870577,2.6185875872019855,5.399309226336092
2023-01-10,2.4290055257737806,0.003970866505881879,4.18002,14.114639331433093,1.8209423557569977,1.4037827580310567,12.223056930250712,2.4329763922796626,3.2247251137880544
2023-01-11,1.6858684679982887,0.006614833086457971,17.79882,13.60554932173102,9.525719654956253,2.14813652072319,10.317405128108195,1.6924833010847466,11.673856175679443
2023-01-12,2.297568981660163,0.002910047299246041,4.53816,13.08526343542914,1.8492662034626302,0.6925332472857814,11.44093695362209,2.300479028959409,2.5417994507484116
2023-01-13,2.0662157916828536,0.006316946893452084,8.85906,13.44012950226096,3.7310824806137686,2.1971396683868996,10.927911397406199,2.0725327385763057,5.928222149000668
2023-01-14,2.8253947642087147,0.002013299180711992,1.5892799999999998,14.755834073813237,0.7422710382665094,0.6397510274091535,13.909849592153702,2.8274080633894267,1.3820220656756628
2023-01-15,2.796927507779633,0.006672527913608694,8.84436,17.508445193644643,3.4799829161749187,1.9597158170063302,14.701919306001164,2.803600035693242,5.439698733181249
2023-01-16,2.909342276882913,0.004769865564963272,7.4764800000000005,17.941519371815055,3.631493048864454,1.176085961813975,14.985645714460526,2.9141121424478764,4.807579010678429
2023-01-17,3.1245309201247826,0.0071781322624052055,6.16398,19.880867448655295,1.7680650050257443,1.8389744460130188,16.07291064737033,3.1317090523871878,3.607039451038763
2023-01-18,3.5752830116321976,0.010066910294185332,9.98958,23.09121528634359,2.4016175050695243,1.9827956044297985,18.454702096375414,3.585349921926383,4.384413109499323
2023-01-19,4.32105901427764,0.003855086009443675,1.4141999999999997,22.84470309497663,0.2944365332545635,0.6961854401404957,21.1438869853688,4.324914100287084,0.9906219733950592
2023-01-20,3.182514327441205,0.014438380756657548,20.620260000000002,26.005184098587566,8.107074172240823,3.74175029320567,18.056053742750642,3.1969527081978626,11.848824465446494
2023-01-21,3.3851068210585122,0.013118426793666189,25.451520000000002,27.478020108102807,9.792136872909756,3.554537315757959,19.98912812146966,3.3982252478521784,13.346674188667716
2023-01-22,3.773135912165885,0.017344455291374503,18.13608,29.607709521233694,5.238155203535289,4.111380315793872,20.451322721464457,3.7904803674572594,9.349535519329162
2023-01-23,4.062042836734355,0.010289708740727134,6.94782,25.323179893391288,1.1807431296719317,2.334197195738025,21.076309081550857,4.072332545475081,3.514940325409957
2023-01-24,4.307919551442887,0.004957812427582431,2.62908,23.556509374982706,0.3661109184933899,1.0400663851789442,21.55965837524126,4.312877363870469,1.4061773036723342
2023-01-25,4.483094183454041,0.004434838767903905,1.7522999999999997,23.967373858744768,0.2013965852803584,0.6792858402047008,21.934655567309452,4.487529022221945,0.8806824254850593
2023-01-26,4.171676173749414,0.006382325646438543,3.71718,23.53752282730963,0.6761135982664523,1.2162828892895474,20.569567152322723,4.178058499395852,1.8923964875559998
2023-01-27,3.3898497020990064,0.007863092807903543,7.686,21.197099142413258,2.834879350918561,2.002839762522774,17.41202557176666,3.39771279490691,4.837719113441334
2023-01-28,3.5825121032207825,0.008885513896907438,10.35696,23.97826761638941,3.995237610038907,2.094789646642621,18.60504828037257,3.59139761711769,6.090027256681528
2023-01-29,3.0468251681876364,0.01471514981716692,25.4853,27.148931193944605,9.657124891417176,3.7996112273742972,18.09184744664378,3.0615403180048033,13.456736118791474
2023-01-30,3.2075494782232687,0.009772382899884469,10.2534,22.583578395536307,2.36458843234241,2.4137121212859687,16.872385201571422,3.2173218611231533,4.7783005536283785
2023-01-31,2.279086298497457,0.009934309692173415,17.56776,18.334248918496105,7.740504250651092,2.7265779128466825,13.151163426309122,2.2890206081896305,10.467082163497775
2023-02-01,2.2493552040440665,0.010585955563607407,19.477800000000002,18.664307647741396,8.729264163083911,3.3915726960539736,13.338609074307472,2.2599411596076737,12.120836859137885
2023-02-02,2.7168986522709964,0.008133880679717133,10.59024,18.39086440790047,3.8016222650630773,2.1825724419195995,14.384926020396257,2.7250325329507135,5.984194706982677
2023-02-03,2.9262030360900892,0.008153430398454849,5.86206,18.726509399642282,1.1857634490138884,2.097358257363233,14.615741440365724,2.934356466488544,3.283121706377121
2023-02-04,3.437091454589768,0.004528505571540319,3.138,18.87910819301205,0.9380383493218122,1.1162001456598096,16.909747626343226,3.4416199601613084,2.0542384949816217
2023-02-05,2.3700579285517507,0.009405213757664762,14.58624,18.644669000541885,5.200411280365259,2.4113475756087377,13.088217183638799,2.3794631423094152,7.611758855973997
2023-02-06,2.3279030543113666,0.015391257521715211,27.388740000000002,22.588465569277723,13.483531786197156,4.5156590974632556,15.46180938576905,2.343294311833082,17.99919088366041
2023-02-07,2.7335711185509854,0.01202431683411435,24.81246,23.283693701721447,11.579816607270688,3.5945568646420316,16.895761543066165,2.7455954353850998,15.17437347191272
2023-02-08,2.4125856100924157,0.011085127583210888,28.88058,22.77646325201674,15.495869639244765,3.4864821257401815,15.941519619001465,2.4236707376756264,18.982351764984948
2023-02-09,2.6459887025050506,0.014156795238804946,26.32554,24.88284297308856,11.788921569797875,3.950426140088902,16.31405011077872,2.6601454977438554,15.739347709886777
2023-02-10,2.476313383203716,0.01211245611100051,28.74906,22.952317765718732,13.689657466904372,3.310101452006442,16.18036714498947,2.4884258393147167,16.999758918910814
2023-02-11,2.502744303862932,0.010166988359327368,28.335060000000002,23.37110641592797,14.582631781607597,2.850589556284341,16.27998155010251,2.512911292222259,17.43322133789194
2023-02-12,2.191646927820657,0.010114812921225989,29.84376,21.773801538361734,14.776404878756852,2.5675313452168815,14.689385295533663,2.2017617407418832,17.343936223973735
2023-02-13,1.7552386978135606,0.009806628432197565,30.385740000000002,19.329017564711453,17.506550296334982,2.9054257613519274,13.218793752300193,1.7650453262457582,20.41197605768691
2023-02-14,1.9524998212639924,0.010434720293961239,27.66942,18.367766263058286,14.406468095178901,3.022561576363827,13.412092084667302,1.9629345415579535,17.42902967154273
2023-02-15,1.593090474980354,0.009604845381004763,29.26002,16.631579587956804,16.46373814460081,2.9191789906054515,11.718390203541503,1.6026953203613588,19.382917135206263
2023-02-16,1.9792937371066772,0.00876649582249368,15.9192,15.469573561474126,5.580169682391733,2.321606698865658,11.108362387521362,1.988060232929171,7.901776381257391
2023-02-17,2.2247987426933156,0.006400285363933507,6.31302,14.212263883488273,1.9719209706376792,1.920957267028004,11.239017908909824,2.231199028057249,3.892878237665683
2023-02-18,1.9884199201169133,0.012110353115734787,14.48442,17.074557711784827,4.171488041433156,3.206367406278763,11.030017133399848,2.000530273232648,7.3778554477119185
2023-02-19,3.0249360532731275,0.006440996381466263,5.05146,17.953881735459394,1.263413450851321,1.7496528472995692,14.912600533228725,3.0313770496545938,3.01306629815089
2023-02-20,1.7840336254557598,0.009838493910389814,29.56446,18.28770686645117,16.150207270893933,3.0860432356882175,12.848935184612179,1.7938721193661495,19.236250506582152
2023-02-21,2.2446605845470966,0.005815065164064865,10.2501,15.01340969506269,4.270472348112166,1.641505471062763,12.034509922690528,2.2504756497111615,5.911977819174929
2023-02-22,2.449850944805906,0.006177746951190992,7.7121,15.824775139312953,3.106600545857996,1.7794346312914455,12.585363378986882,2.456028691757097,4.8860351771494415
2023-02-23,3.772050233423883,0.0059047096013513795,3.0425999999999997,21.01406400259589,0.6736833081685599,1.2727266475921417,18.36063451351576,3.7779549430252346,1.9464099557607017
2023-02-24,3.05061450424836,0.007433571189558714,5.785080000000001,18.54399178273748,1.2549362982653975,1.7497924137930299,15.228480991690272,3.0580480754379185,3.0047287120584274
2023-02-25,3.3601966859460655,0.009560237366513909,10.37226,21.364274246175157,3.368512283025652,2.8494506600907883,17.78322291701323,3.3697569233125795,6.21796294311644
2023-02-26,2.080714725278205,0.013106790254705703,33.7023,23.95350876145706,16.40054576404372,3.5432490572875546,14.491628268410729,2.0938215155329107,19.943794821331274
2023-02-27,2.0961376542609775,0.016563751929636838,33.30708,24.285508889105923,15.170333929129153,4.52752271515717,14.713140822478403,2.1127014061906144,19.697856644286325
2023-02-28,2.35797525524918,0.01630331621413936,32.25768,24.9915456699647,14.318834149189172,4.866615355677769,15.86305176286306,2.3742785714633197,19.18544950486694
2023-03-01,2.363283579006559,0.013973620218445525,31.49814,23.827892604320656,14.535265700395346,3.9492351576245484,16.003978036533383,2.3772571992250047,18.484500858019896
2023-03-02,2.2589001010018483,0.014473223866617717,28.52082,23.32261281020443,12.157159544181436,4.055558607047192,14.639090327439117,2.273373324868466,16.21271815122863
2023-03-03,2.9213054310866524,0.01135691299732457,11.0166,20.9195492547585,3.234253791795463,3.245959328771857,15.484389925906548,2.932662344083977,6.48021312056732
2023-03-04,2.177141281856164,0.012483343674270059,32.7534,22.791747455699944,15.007499724915505,3.173585622409144,14.786592088272581,2.189624625530434,18.181085347324647
2023-03-05,2.3685460137173653,0.014966782878320367,32.01234,24.934512643597678,12.458976062454433,4.060743343169153,15.362299597014495,2.3835127965956855,16.519719405623587
2023-03-06,2.3979498292269366,0.01673278263238955,19.94238,21.34954264164736,5.926067634757967,4.249253295834171,13.921480980084795,2.4146826118593263,10.175320930592138
2023-03-07,3.447664699988113,0.006635547262086954,5.68104,20.23633125054404,1.4463124765776691,1.5085275272106937,17.103089537371922,3.4543002472502,2.954840003788363
2023-03-08,1.8160814262218359,0.0073822007280106615,10.91286,13.572697247472455,4.54255437705946,2.311678986814808,10.003814858479355,1.8234636269498465,6.854233363874268
2023-03-09,1.6134173881115064,0.009803363672792198,15.45564,13.521775488863728,6.685021291941762,3.43791288774694,9.69327985176783,1.6232207517842985,10.122934179688702
2023-03-10,2.219987315771183,0.006804625927276756,6.16212,14.470784818596714,1.9475617619802652,2.062726420494019,11.300928003352121,2.22679194169846,4.010288182474285
2023-03-11,1.9686302443236596,0.007264096645725268,10.213379999999999,14.428548993630162,3.4356348571215563,2.177378154036624,10.463077632033999,1.975894340969385,5.613013011158181
2023-03-12,2.0729377302728085,0.008926863276927113,11.0682,14.928109521737863,3.2930573089367154,2.762351248160054,11.112413340688374,2.0818645935497355,6.0554085570967695
2023-03-13,2.2401451061375353,0.003933145002210201,3.35922,13.342969193036536,1.050831174381673,1.0792405725572949,11.11029746322427,2.2440782511397455,2.1300717469389676
2023-03-14,1.1401661055026857,0.01336574669703102,30.46146,14.752141560124777,14.95024006646642,3.742566818410425,9.201276120690954,1.1535318521997167,18.692806884876845
2023-03-15,1.4287391720281843,0.012856980507980311,24.58626,15.674152733255482,11.030903470745445,3.6743093233047133,10.00416941979837,1.4415961525361647,14.705212794050158
2023-03-16,1.4617624596469734,0.010669631765446486,23.980500000000003,15.845124326824093,11.472319235479116,3.0814353305885316,9.923885721793965,1.4724320914124198,14.553754566067648
2023-03-17,2.2435122955419464,0.009372125631001439,9.6822,16.016257475753225,1.9053421878052352,2.6149412531517995,11.560891775875666,2.252884421172948,4.5202834409570345
2023-03-18,2.4912690830109843,0.009026473762954958,9.61758,17.121953124635244,2.116185614304006,2.1194303806971444,12.653072364122156,2.5002955567739393,4.235615995001151
2023-03-19,1.6332901708295458,0.016321900096795943,23.89416,17.155114370871672,7.305600381970704,4.152806565079885,10.24056646502519,1.6496120709263418,11.45840694705059
2023-03-20,1.083390822205654,0.011775559537356385,29.84274,15.711862123843092,15.802078648009033,3.479569891294032,9.078003052289127,1.0951663817430104,19.281648539303063
2023-03-21,1.2947425145337548,0.01000645624870629,26.98932,14.820571415252779,14.166166407977343,2.7753606662469075,9.698471292639361,1.304748970782461,16.94152707422425
2023-03-22,1.892784605625199,0.00704980393070579,10.72434,13.848031351473223,4.430378386802227,2.2777815660221354,10.34193080629923,1.8998344095559048,6.708159952824362
2023-03-23,1.8366820838449414,0.006370683692381141,7.0037400000000005,13.038285701310548,2.316157517978221,2.021179186431846,9.51651656662094,1.8430527675373225,4.337336704410067
2023-03-24,0.6591045835854733,0.008570180675364128,33.85872,13.53105322193423,19.74049255251709,2.1604938843515926,7.436254705572092,0.6676747642608374,21.90098643686868
2023-03-25,1.4674661404924672,0.00965482843283957,20.60964,14.522485823208125,9.690015200165929,2.886307993318966,9.539392626914319,1.4771209689253066,12.576323193484896
2023-03-26,1.5661959093298499,0.011245548234717585,19.20876,15.441597733265425,6.967788760666341,3.2076730218072993,9.536217900362914,1.5774414575645674,10.17546178247364
2023-03-27,1.274624066531928,0.01333622285566578,27.0201,16.26465918018715,13.775324862537325,4.106822516275933,9.872009279692385,1.2879602893875937,17.882147378813258
2023-03-28,1.2581520865029807,0.011605439719500808,28.83156,15.83794640563676,12.850705332938434,3.2291635226969224,9.525380039292788,1.2697575262224816,16.079868855635358
2023-03-29,1.3191839529422629,0.010615090643731085,17.20248,13.602719284609858,7.995728720134021,3.8039902866670743,8.641378842215419,1.3297990435859939,11.799719006801094
2023-03-30,0.8949736447464245,0.00797777597908516,31.1496,13.365419623496281,17.750139986512185,2.039088515297404,8.127398674658629,0.9029514207255096,19.78922850180959
2023-03-31,0.8348308147434732,0.009408649538254899,28.317600000000002,13.27309264119416,15.183773508342593,2.9508327064249196,7.575069033572974,0.8442394642817281,18.134606214767512
2023-04-01,1.4866130499585117,0.012208537724881363,20.58972,15.281383629189849,6.755578093095929,3.475234846378317,9.165116121022942,1.498821587683393,10.230812939474246
2023-04-02,2.0263181131829167,0.012454929001797531,13.867140000000001,16.027424536804237,4.049654818918258,3.917162441718717,11.30448225812279,2.0387730421847143,7.966817260636975
2023-04-03,2.6440681570278826,0.012299221126567587,12.64584,18.972216877339555,4.032744077884913,3.793612472867886,14.619292171961797,2.6563673781544503,7.826356550752799
2023-04-04,1.28310479168277,0.011556206860543698,38.87934,18.943304961873878,20.736997419844688,3.278889949996058,11.55613019343013,1.2946609985433137,24.015887369840748
2023-04-05,1.4519022987379826,0.011613729205090587,30.6555,17.9809507243621,16.065655826084196,3.3254503379632423,11.320412191440132,1.4635160279430732,19.39110616404744
2023-04-06,0.8115389586841889,0.01232625494695964,32.55852,14.724883238931197,16.570185682950942,3.3501152401270673,8.059940073107413,0.8238652136311485,19.92030092307801
2023-04-07,1.008900235395008,0.011145205279664526,35.1105,15.046007991378199,16.91720720810759,2.48445787541393,8.847795582626377,1.0200454406746726,19.40166508352152
2023-04-08,1.1803293322169064,0.01002948036155185,36.13932,17.27582038499129,19.300031515395908,2.6267026590107547,10.399840606907352,1.1903588125784583,21.92673417440666
2023-04-09,1.1672392954682962,0.009430714616874083,30.81522,15.967969401895983,15.893499296052038,2.269722616875212,9.385461836984435,1.1766700100851704,18.16322191292725
2023-04-10,2.1688869701024593,0.008263650504844074,10.83,15.843557479495002,4.656967159116715,2.5197818828680347,11.716203046135792,2.1771506206073035,7.17674904198475
2023-04-11,1.2475889628009067,0.010676760079854372,19.47498,13.409480380243378,8.163689066562116,3.558929629923071,8.242963465283314,1.258265722880761,11.722618696485187
2023-04-12,0.7016002347852482,0.009699833729572392,29.79342,13.857590349504802,15.897080845638065,2.816570261163509,7.0392164140118805,0.7113000685148206,18.713651106801574
2023-04-13,1.2600435270293369,0.013362183584926834,23.61804,15.583011879966483,8.60758707807666,3.605292801547351,8.668500816413404,1.2734057106142638,12.212879879624012
2023-04-14,1.3257860002509594,0.010785964105993383,18.090480000000003,14.08397322422071,6.384648546466471,3.136231767140092,8.343094576187571,1.3365719643569527,9.520880313606563
2023-04-15,0.9204574142790005,0.011932106507047409,38.01108,15.688720508138243,18.669973811156094,2.649239590528516,8.767059630101695,0.932389520786048,21.31921340168461
2023-04-16,1.0878597637027365,0.011650357535277015,35.87448,17.03286929380477,16.926750225567876,2.892941465295924,9.601942872284997,1.0995101212380136,19.8196916908638
2023-04-17,0.8452019079268565,0.01191051354082594,36.88482,15.525107674001925,20.142051612069906,3.3480844042257942,8.813699875353299,0.8571124214676824,23.4901360162957
2023-04-18,0.9506331394391284,0.01016144444958333,33.76728,16.048627740134943,20.595437462318124,2.8855870730656306,9.618294497653464,0.9607945838887118,23.481024535383753
2023-04-19,0.9352239512576923,0.011635052515884071,35.026920000000004,15.465495686820528,17.962759884859892,3.291222634080694,9.074211899581776,0.9468590037735763,21.253982518940585
2023-04-20,0.5503894113706783,0.009091512751018644,36.63534,14.517977086101482,21.923147796877117,2.460907189648254,7.554100469866817,0.5594809241216969,24.38405498652537
2023-04-21,1.1434782099092218,0.01000063963414771,31.31634,16.296767021546913,16.09563101922503,2.5477349252796824,9.672580650725584,1.1534788495433694,18.643365944504716
2023-04-22,0.6680571334016471,0.011580843879854124,36.34236,14.522032987923936,18.92395508538535,2.8284291773926773,7.487797461284633,0.6796379772815012,21.75238426277803
2023-04-23,0.9944181895363425,0.011741455647611445,28.8657,14.624013339479111,14.866662779973238,3.6961613967373017,8.403208274133076,1.006159645183954,18.56282417671054
2023-04-24,1.1287815392854184,0.011202094602400655,22.63128,13.677972753580118,11.658825304972261,3.7634745848772404,8.448001055233187,1.139983633887819,15.422299889849501
2023-04-25,1.701156882717092,0.009443467390455937,13.32714,14.263273210492754,5.196372084926158,3.073131531679731,9.757774935176625,1.710600350107548,8.269503616605888
2023-04-26,1.2530320809619981,0.011194686040996599,14.3103,13.03480013875415,4.95750113563326,3.940515744038651,7.582577225274439,1.2642267670029947,8.89801687967191
2023-04-27,1.2362394806835013,0.010474116669415553,19.46406,13.53029860288613,8.00693985416633,3.1010581540408095,7.971774738653492,1.2467135973529169,11.10799800820714
2023-04-28,1.0129553188932965,0.007674208469022563,27.49074,13.651368456042526,16.469379316686005,2.2135245426583348,8.52269998504554,1.0206295273623192,18.68290385934434
2023-04-29,0.8827795743929474,0.010119524796972097,30.28374,14.444325427783976,15.962387574247508,2.812480966666807,7.826938536860537,0.8928990991899195,18.774868540914316
2023-04-30,0.8600758733395872,0.012752896530124149,28.73964,14.743585204369452,13.129779881002486,3.5635630298736136,7.407171148807111,0.8728287698697114,16.6933429108761
2023-05-01,0.7699054110861743,0.011965309294981828,35.736180000000004,15.755882404953441,20.270954560047002,3.300055637546042,8.28872655327762,0.7818707203811561,23.571010197593044
2023-05-02,0.6915238415900757,0.009868033791033142,35.56194,13.814942660239284,20.6855836282939,2.788015242282044,7.9091162033240865,0.7013918753811089,23.473598870575945
2023-05-03,0.4668989687771137,0.007252250464349545,35.53722,13.512549671888932,23.24500823727599,2.0089504432424423,7.220822312190233,0.4741512192414632,25.25395868051843
2023-05-04,0.5039873301662747,0.008972468699476271,36.42804,13.344841654421122,21.45161177890027,2.1701011648553266,6.990123510612315,0.512959798865751,23.621712943755597
2023-05-05,0.7442577549904147,0.01026953520304738,31.32816,13.6073730284577,15.932876756475268,2.7204573412092907,7.1583932681165,0.7545272901934621,18.65333409768456
2023-05-06,0.9314495996267695,0.010504641000333726,26.3868,14.860094447245244,13.022195489592344,3.2376585045669697,7.690073129575228,0.9419542406271033,16.259853994159315
2023-05-07,0.8856196415676112,0.01214785768953012,26.518980000000003,14.43889558195978,12.181777770264654,3.655512167479901,7.328196357348055,0.8977674992571413,15.837289937744554
2023-05-08,1.6604791831694006,0.01017028043023254,19.1937,15.86416288995736,9.680297531797082,3.41816479391725,10.34943317217555,1.6706494635996332,13.098462325714333
2023-05-09,1.1441963495503678,0.009899366153501022,21.8874,13.119469693664447,11.702120177081465,3.0815322363409035,8.270656273732593,1.1540957157038687,14.783652413422368
2023-05-10,0.5218002383954232,0.011972331826046272,31.67532,13.45420622949862,16.368363278758586,4.269624658246138,6.508978293474042,0.5337725702214695,20.637987937004723
2023-05-11,0.5933058525468959,0.012806799301097963,31.50984,12.898954247412535,12.34449669334218,3.2936065180217833,5.852605313942315,0.6061126518479939,15.638103211363962
2023-05-12,0.7093840905641355,0.010109048142664662,33.69528,13.659811791899871,16.198136615867348,2.3996962357025997,7.120852587314197,0.7194931387068002,18.597832851569947
2023-05-13,1.4421008898306193,0.012809715849259449,21.093780000000002,15.010437323817882,8.67616315441516,3.8353391530020273,9.497771669447827,1.4549106056798788,12.511502307417189
2023-05-14,0.9399078431850749,0.01065203150810507,30.90516,15.04939730028241,14.118652064077825,2.4468169075725292,7.864731169897872,0.95055987469318,16.565468971650354
2023-05-15,1.0100194615402818,0.011488967363948506,21.0813,13.299438315626032,10.28965256707549,3.839445992563559,7.497365420669456,1.0215084289042302,14.12909855963905
2023-05-16,0.5898240971539158,0.010228943180933144,36.88326,14.503397889099958,21.721700097025128,2.7567889462083945,7.735926428028259,0.600053040334849,24.478489043233523
2023-05-17,0.6952902151627837,0.010447652118033678,35.4201,14.655517333004898,19.083130520702362,2.8437669298648838,7.87029340104675,0.7057378672808173,21.926897450567246
2023-05-18,0.9222131594162865,0.01206729265322489,31.3512,16.548910332836584,16.305702386283336,3.49650961962687,8.504976983712789,0.9342804520695114,19.802212005910206
2023-05-19,0.5247632089299339,0.010088819867311676,36.561840000000004,13.987087309142087,19.063455121320786,2.4487848132683205,6.833239310804385,0.5348520287972456,21.512239934589108
2023-05-20,1.1509737121631964,0.009900480649654627,24.78846,14.865358504019724,12.832447611430675,3.1044000361152597,8.842595961583205,1.160874192812851,15.936847647545935
2023-05-21,1.1748223477162933,0.010000709732620055,22.117919999999998,14.773447499566492,10.24457343576032,2.9897797495913845,8.239133848443872,1.1848230574489134,13.234353185351704
2023-05-22,0.9681111574145401,0.009013796380379224,21.95484,13.294733084657349,11.733951875145436,2.861464350600526,7.388178773490992,0.9771249537949194,14.595416225745963
2023-05-23,0.8277795436011303,0.00915350315085611,26.43198,13.232205997829617,14.632343089362056,2.783037687025834,7.2861706332497915,0.8369330467519863,17.41538077638789
2023-05-24,0.33560961894114005,0.00941646295549336,36.1503,13.199795006653412,20.672818190574915,2.6990186589978244,6.1381234811164465,0.3450260818966334,23.37183684957274
2023-05-25,0.5007571433361174,0.011157879203193896,31.892039999999998,13.091242929490098,16.484498892317713,3.024957185992849,6.16636072711309,0.5119150225393113,19.509456078310563
2023-05-26,0.4313426854952166,0.007136002817703745,35.65062,13.578897661470048,21.81075388492584,1.5382940462918373,6.631446237838946,0.43847868831292036,23.34904793121768
2023-05-27,0.5937349544651026,0.00747466535543966,35.01744,15.03475656349137,20.639631038048744,1.7403531647441433,7.265122946067491,0.6012096198205422,22.379984202792887
2023-05-28,0.6026425515084114,0.007938240475504385,35.4759,15.38974130697628,21.92178374437112,1.9585956671250644,7.619555263493619,0.6105807919839158,23.880379411496182
2023-05-29,0.8275802182371632,0.007301946415859162,35.06046,16.283343880632803,22.869455458690616,2.1734040159115726,8.884298489421758,0.8348821646530223,25.04285947460219
2023-05-30,0.40147892991653544,0.007594870736336046,35.76672,13.379810934276884,22.473552954235107,2.2158629803706664,6.710944678715749,0.40907380065287147,24.689415934605773
2023-05-31,0.31297312494618457,0.008189456007228148,35.807520000000004,13.625155684288767,22.328099315543177,2.7239150707891238,6.328760074520393,0.3211625809534127,25.052014386332303
2023-06-01,0.548871188539749,0.007957772472740056,31.573500000000003,13.375184022445639,19.34231344672787,2.022839928746381,6.739979672561488,0.5568289610124891,21.365153375474254
2023-06-02,0.37877581697343327,0.00759471016235739,35.5965,13.565861361340753,22.01882193692377,2.005361850783536,6.478514536049344,0.3863705271357907,24.024183787707308
2023-06-03,0.549362709600808,0.007230087709695041,35.45232,15.140155403750065,22.052308966957213,1.8604945364189196,7.329701635892338,0.556592797310503,23.912803503376132
2023-06-04,0.43536106001485986,0.008685100830120349,34.67004,14.942184645587496,20.243711025166334,2.4514627318367266,6.568309227027276,0.4440461608449802,22.69517375700306
2023-06-05,0.3878078470273319,0.007735083280322773,34.06044,13.416275424250195,21.566343292001726,2.0633737320216046,6.384162747748952,0.3955429303076547,23.62971702402333
2023-06-06,0.6083578679377875,0.007291143380361426,33.66102,14.265510899138024,22.369989343853295,2.0945446960163108,7.636392407855956,0.6156490113181489,24.464534039869605
2023-06-07,0.5730461812312482,0.00676036294114053,32.40054,14.334457523744218,21.575462032009096,1.7327946983986853,7.247767801015174,0.5798065441723887,23.30825673040778
2023-06-08,1.0966331620513428,0.009412566960993714,19.868280000000002,13.667983243546258,10.08156384519428,2.9260933621966343,7.709503403145289,1.1060457290123364,13.007657207390913
2023-06-09,1.5771203363815893,0.006396297606176676,10.54758,13.001176724760793,4.013450576781749,1.964698568529291,8.535614040006577,1.583516633987766,5.97814914531104
2023-06-10,0.6080240001192972,0.009677348579578372,34.95642,14.609768685393622,19.591226990972668,2.717826292801874,7.2202534789338255,0.6177013486988756,22.309053283774542
2023-06-11,0.6206472996405524,0.010467992990982554,32.18382,14.454264778383456,16.55789484151778,2.948777888554741,6.852116165943225,0.631115292631535,19.50667273007252
2023-06-12,1.3398384883214653,0.008961190700152256,19.01796,13.512693137014224,11.346588318693012,3.0536158436000616,9.022831903461572,1.3487996790216177,14.400204162293074
2023-06-13,1.1027338684874841,0.007105113252908242,23.43552,13.385396843987397,14.56461671907565,1.977725254866202,8.42914788158144,1.1098389817403924,16.542341973941852
2023-06-14,0.3965291172267193,0.008025783610229533,35.534639999999996,13.330667363391465,21.987867322920444,2.093032605597926,6.535952658593622,0.40455490083694884,24.08089992851837
2023-06-15,0.5881271001889794,0.009527093137637428,29.23488,13.095978314207755,16.06561654517877,2.7314986802040755,6.457413873756071,0.5976541933266168,18.797115225382846
2023-06-16,0.7174120088177862,0.01056751910799579,24.273239999999998,13.162195503734152,13.090290473096788,3.6845580480875118,6.617719200113891,0.727979527925782,16.7748485211843
2023-06-17,1.1390712159463392,0.007106367928428156,22.44858,15.114683702952846,12.496569296381326,2.0423088701744834,8.307883226911123,1.1461775838747674,14.53887816655581
2023-06-18,1.2473036222698097,0.009694094573908399,20.158920000000002,14.588820073213906,9.340897658461154,2.5856676787594304,8.285213850842961,1.256997716843718,11.926565337220584
2023-06-19,1.0463030792255095,0.007215554896641206,23.58714,13.354385484071315,14.371096185234457,2.041667420060107,8.147171916326748,1.0535186341221507,16.412763605294565
2023-06-20,1.579574694026511,0.0073672898567258525,12.63948,13.041606114886854,5.485386539250523,2.1253267305104613,8.897137687318413,1.5869419838832368,7.610713269760985
2023-06-21,0.8664392599630366,0.010671564660107819,23.2947,13.371750749324484,12.732979312355786,3.8327390088042814,7.310735904627947,0.8771108246231444,16.565718321160066
2023-06-22,0.42665080455662086,0.007943818728521932,34.29732,13.067062900374422,20.93710484821245,2.2481453377990785,6.5291503051580815,0.4345946232851428,23.18525018601153
2023-06-23,0.4662121671272997,0.008295297553300928,35.07282,13.38930422423925,20.418498040993004,2.406702365179758,6.652659231836482,0.4745074646806006,22.825200406172762
2023-06-24,0.6553902817134858,0.007035159614160024,34.57608,15.833618605665439,21.932341170807838,2.119637620380447,7.851722929379241,0.6624254413276458,24.051978791188287
2023-06-25,0.6223172731330089,0.00803627132126334,35.136720000000004,14.946520813732052,21.16213760208428,1.976429734612794,7.514978275716635,0.6303535444542723,23.138567336697072
2023-06-26,0.37947367247157343,0.008245321596468843,34.85856,13.228932261045323,20.987611780519813,2.4501177418852707,6.287896785263552,0.3877189940680423,23.437729522405085
2023-06-27,0.6518126613552798,0.009365085082190316,26.42226,13.248117712030934,15.357154348837764,2.6774264238319576,6.575944246294747,0.6611777464374702,18.03458077266972
2023-06-28,0.42291789801757235,0.008265831236089077,34.0911,13.43525417278982,20.741456473075388,2.2003611315406517,6.469552310315444,0.43118372925366144,22.94181760461604
2023-06-29,0.5481045598168803,0.009194334221622547,30.0375,13.51503480753663,17.560571289708854,2.9719426845563532,6.616283475837292,0.5572988940385029,20.532513974265207
2023-06-30,1.1682223102585083,0.010899640452698738,17.9262,13.20250275245602,7.77152524168548,3.8829172547411996,7.844378528192669,1.179121950711207,11.654442496426679
2023-07-01,1.079270722432648,0.009013447857415178,22.52646,14.568039097375939,11.856818030127972,2.75669734433182,8.029212221741476,1.0882841702900632,14.61351537445979
2023-07-02,0.7539540455337536,0.010505017868754232,27.898320000000002,14.29954083356462,14.288209861128957,2.7322854053219157,6.962634596246119,0.7644590634025078,17.020495266450872
2023-07-03,0.7742968510812246,0.010279002259589718,25.11486,13.225610518927517,13.783341490740357,3.358192972591367,6.966961984094794,0.7845758533408143,17.141534463331723
2023-07-04,0.73781062709469,0.0075413295882139015,29.183040000000002,12.99510668252546,18.05577224469611,2.152389243494026,7.433734945243038,0.7453519566829039,20.208161488190136
2023-07-05,0.6260738381479447,0.009211054901189626,33.83532,13.144307578949936,18.99679277786529,2.1311357031823595,7.049029892504617,0.6352848930491344,21.12792848104765
2023-07-06,0.4682812265841016,0.009529344426207493,35.16546,12.999548728249977,19.367278372747062,2.334816842970394,6.433649796344977,0.4778105710103091,21.702095215717456
2023-07-07,0.48556952085574706,0.0071399593332559285,33.07452,14.583932043960052,21.06262886873388,2.2024552970665723,6.8182807790536355,0.492709480189003,23.265084165800452
2023-07-08,0.6306269332170482,0.008353101876310703,33.78432,14.584086189544367,19.580346880364566,2.1889429246971943,7.268276981851224,0.6389800350933589,21.76928980506176
2023-07-09,0.6564741406983416,0.008767540210945526,31.8828,14.25720273193405,18.247626966054348,2.4896626132300397,7.241536563074289,0.6652416809092871,20.737289579284386
2023-07-10,0.4249856056777092,0.00881014422675696,33.5343,13.348831820484957,19.949473269492927,2.151459090778933,6.28430612029208,0.4337957499044662,22.10093236027186
2023-07-11,0.6957336179701978,0.007772937356879104,28.38444,13.294711145810515,17.39206823916507,2.266241462653407,7.086738365471783,0.703506555327077,19.658309701818478
2023-07-12,0.779771275986868,0.008790026910000135,25.11666,13.210234154546802,14.23064379883504,2.817625860966356,6.919529346360121,0.7885613028968681,17.048269659801395
2023-07-13,0.4552241624523779,0.009379292755649265,31.17978,13.313427748631344,18.90392421138659,2.8237848384639994,6.355908896152868,0.46460345520802715,21.727709049850592
2023-07-14,0.6536779175597156,0.0071283588039322745,35.8629,16.10903452830422,22.49100197095585,1.6503091701298689,7.909091753621247,0.6608062763636479,24.14131114108572
2023-07-15,1.060176042388436,0.010220931394917117,25.21044,14.719235105516407,13.395336104768873,3.0495247987322274,8.242987481683885,1.0703969737833532,16.4448609035011
2023-07-16,0.80316033724322,0.00947513696911531,28.00518,14.51934079868354,14.530608720266997,2.6876074275799557,7.220026113827963,0.8126354742123353,17.218216147846952
2023-07-17,0.4067632727109783,0.009120747722367052,34.40928,13.164081356790236,20.075958373248877,2.6180014883259886,6.254424795691308,0.4158840204333453,22.693959861574864
2023-07-18,0.6673021380512139,0.009500430013647126,26.97498,13.17377106181445,16.066684607064396,2.8831642788126106,6.832322356642912,0.6768025680648609,18.949848885877007
2023-07-19,0.808490062977908,0.008084080127388019,27.28008,13.391464340414428,15.566939158089907,2.293641328948892,7.320562294688429,0.8165741431052961,17.8605804870388
2023-07-20,0.5177477330001095,0.010217111229309255,33.22404,13.152773918860689,18.09813010994643,2.975602445943598,6.559326905638207,0.5279648442294187,21.073732555890025
2023-07-21,0.45804353403455295,0.008559270255700389,35.90052,13.16219819853697,20.28822724908972,2.1528217696340586,6.546015843195941,0.46660280429025336,22.441049018723778
2023-07-22,0.6823264176675542,0.010509068773906862,28.70526,14.475110726644283,14.86991026578918,3.45987638982035,6.8547751889625035,0.6928354864414611,18.32978665560953
2023-07-23,1.0181124580033887,0.01021388041678787,23.22996,14.496735137282004,13.14798547657156,3.231991075514056,8.10587579763909,1.0283263384201766,16.379976552085616
2023-07-24,0.5233489215656085,0.007279195812023854,31.44174,12.996408653944478,20.66844881086126,2.1925801016423545,6.896318767771701,0.5306281173776324,22.861028912503613
2023-07-25,0.37256232434720254,0.008377073585924974,36.32952,13.356356473449532,22.387017634312482,2.289895580899643,6.560718696602916,0.38093939793312753,24.676913215212124
2023-07-26,0.625510440548456,0.009327957459647773,26.4699,13.036379404765075,15.670485001038552,3.0768403031191074,6.6083956181541135,0.6348383980081037,18.74732530415766
2023-07-27,0.831358140226109,0.009163951652483222,24.24198,12.96016319177322,13.425416375030636,2.9697381830064966,7.126939975018811,0.8405220918785922,16.395154558037135
2023-07-28,1.3777282078213264,0.008320228102981844,13.78806,13.270727439175126,6.6436220154367085,3.087261668050751,8.398667931893069,1.3860484359243084,9.730883683487459
2023-07-29,1.321900758563866,0.009164253484548433,19.3833,14.80992878129489,9.940079031200947,3.0367749260976136,8.829257365279712,1.3310650120484144,12.97685395729856
2023-07-30,0.8839138631817073,0.009695681278350476,30.0063,14.446051224666327,15.456577477092774,2.778324201089606,7.827840564367134,0.8936095444600578,18.23490167818238
2023-07-31,0.8729482819565291,0.00719918508603306,26.775,13.27457451300496,18.790504877888917,2.5467538161136956,8.254978108974997,0.8801474670425621,21.337258694002614
2023-08-01,1.1837492497819697,0.010451470550913571,17.4342,13.163933405069288,8.593922645800887,3.6849078809048375,7.9933757559278815,1.1942007203328833,12.278830526705725
2023-08-02,0.9310253504875259,0.00698976335618413,24.58848,12.926560619651564,16.15804260536018,2.1620368391889953,7.983785634108241,0.9380151138437101,18.320079444549176
2023-08-03,0.5785793018377177,0.010298126849598197,28.07232,13.2306775701788,16.270900966818186,3.371334145271092,6.540745683057866,0.5888774286873159,19.642235112089278
2023-08-04,0.7825462954882001,0.009756563201073569,22.45956,13.016594352503017,10.562796075136454,3.1371009202903015,6.382328929596818,0.7923028586892736,13.699896995426755
2023-08-05,1.447276304444271,0.009443355324256001,15.843960000000001,14.39306597597404,6.3977588202021725,3.11605841655783,8.76474193683186,1.456719659768527,9.513817236760001
2023-08-06,0.6376130216738151,0.008862075238375178,35.68218,14.371981008529133,19.295602104049266,2.178547684295612,7.310721448924612,0.6464750969121902,21.474149788344878
2023-08-07,0.5440279697878185,0.010415930074567072,33.42792,13.232147158869715,19.321423874361546,2.8375374002818043,6.882906677712532,0.5544438998623856,22.15896127464335
2023-08-08,0.427256802625372,0.008586158271195476,34.2759,13.208845115716073,21.827074079098374,2.543490644085522,6.749288475357,0.4358429608965675,24.370564723183897
2023-08-09,0.498576702011472,0.006274851202232203,34.68078,14.243019515122977,23.653264358925373,1.6233179488930947,7.303280417700904,0.5048515532137042,25.27658230781847
2023-08-10,0.4557311300566123,0.00680632454291149,34.98036,13.311530060107117,23.22221178952959,1.893480245335788,7.048423938833102,0.4625374545995238,25.11569203486538
2023-08-11,0.9331308074569893,0.008919550958126287,21.44346,13.047701274092129,11.615313700935603,2.8464129011319317,7.229922729678948,0.9420503584151155,14.461726602067536
2023-08-12,0.9070371797124449,0.007824852417232301,29.50806,14.380179213183247,16.78527444149968,2.106456891668255,8.04874083701302,0.9148620321296772,18.891731333167936
2023-08-13,0.7894895592196502,0.007874608853694738,33.5373,14.584935457307026,19.305392629764945,1.848762367553174,7.969828690263993,0.797364168073345,21.15415499731812
2023-08-14,1.7455639982867324,0.005818193120767113,7.98642,12.959433301843978,3.5222985973389744,2.0077290943546284,9.283982567108879,1.7513821914074994,5.530027691693602
2023-08-15,1.2043349579203322,0.007284511929991183,28.13148,15.806193064913657,18.088910283818187,2.1521535116597477,9.739395103931725,1.2116194698503233,20.241063795477935
2023-08-16,1.2577770471644982,0.006543566244998532,19.44528,13.129454986750899,12.874127152098925,2.1510844522877965,8.852520766918964,1.2643206134094969,15.025211604386723
2023-08-17,0.8110886591865155,0.007211857873759023,27.59568,13.971367574363331,17.468042158987373,2.178119120590737,7.633218218790683,0.8183005170602745,19.64616127957811
2023-08-18,1.2064400283545877,0.00671555832572588,20.11158,13.522526248883501,12.926107213209898,2.3200819670699215,8.705647167675805,1.2131555866803136,15.246189180279819
2023-08-19,1.2330916902833824,0.006724481604377342,23.620739999999998,14.763908181494882,14.62186883910477,1.6467818433603245,9.115663742181509,1.2398161718877598,16.268650682465093
2023-08-20,1.043364872310051,0.006033244824720935,27.552599999999998,15.149610393817557,18.384123257489115,1.630955715449539,8.937803489322793,1.049398117134772,20.015078972938653
2023-08-21,0.7675347983777029,0.004986438956572491,31.51452,13.931284332094595,22.974403097857923,1.2223137284945023,8.34014891650133,0.7725212373342754,24.196716826352425
2023-08-22,0.6186064746254032,0.006576946205349247,32.39694,14.025736401555438,22.442858078183413,2.04751216151291,7.713297914609314,0.6251834208307524,24.490370239696322
2023-08-23,1.436401847923599,0.006652021733967244,21.52434,15.579455992385604,14.22036810647902,2.175426842005736,10.041326434928942,1.443053869657566,16.395794948484756
2023-08-24,1.3536691096896223,0.0048800887313397495,22.690440000000002,14.795968804627737,15.694095907129348,1.4033384991878475,9.8506981072716,1.3585491984209621,17.097434406317195
2023-08-25,0.9142640115976172,0.006520101790287255,25.407120000000003,13.065048418471683,14.765793540187778,1.699182103926236,7.5829965338532865,0.9207841133879044,16.464975644114013
2023-08-26,1.0154679718013102,0.00912661667407752,29.03328,14.856134812743546,17.37774709000325,2.62725994244106,8.783958048604845,1.0245945884753878,20.00500703244431
2023-08-27,0.7413760845544081,0.008107829966435692,33.67662,14.666684563252028,19.27990350842178,2.17428096019058,7.835355140917192,0.7494839145208437,21.454184468612358
2023-08-28,0.597228435866486,0.006911322065121721,31.98534,13.475060990278626,20.565275676078734,1.9960808247703654,7.260568828795879,0.6041397579316077,22.5613565008491
2023-08-29,1.235076824796216,0.008781642707356336,16.3467,13.228048238909551,8.191983802103252,3.0386418362670806,8.006022086234628,1.2438584675035724,11.230625638370332
2023-08-30,0.7525155825238512,0.0076461580440990735,30.41262,12.978315486692228,19.083652650200218,1.8728400333518511,7.614858211220039,0.7601617405679503,20.95649268355207
2023-08-31,0.9416913824799856,0.0068084047813967135,24.47376,13.152470203415621,15.92776749271345,2.2193345488550014,8.022283952993805,0.9484997872613823,18.147102041568452
2023-09-01,0.5981664684807715,0.006958026099911795,30.934980000000003,13.397464997238414,20.31642224398792,1.7196401935198211,7.13741637624918,0.6051244945806833,22.03606243750774
2023-09-02,1.1219777260938193,0.0070227632161103766,25.54812,14.930307129302232,15.413959273558616,1.8688438328995074,8.75669173917508,1.1290004893099297,17.282803106458122
2023-09-03,0.9972923086838421,0.0045355468677471,31.95894,16.562684328991892,21.497358476905614,0.8490334313518344,9.202099388125843,1.0018278555515892,22.34639190825745
2023-09-04,0.9977525870608541,0.008336577510425682,27.36858,14.824578682130387,19.73381357547301,2.826368028133378,9.013580100586688,1.0060891645712797,22.560181603606388
2023-09-05,0.8191973701317621,0.006264849898357943,28.60104,14.196919041910396,20.004210332351178,1.7807516642559749,8.092053669556105,0.82546222003012,21.78496199660715
2023-09-06,1.509064219245048,0.005041538715704568,19.13736,13.953842262380114,13.315667008753092,1.4863833990378703,10.032804456705223,1.5141057579607526,14.802050407790961
2023-09-07,1.3798088589651651,0.006310926538255283,20.97246,14.38967870704386,14.424731476872951,2.182133637995765,9.752542668652818,1.3861197855034204,16.606865114868718
2023-09-08,1.091964034011865,0.0047238616669583,25.81872,14.18901092753097,17.360117426795394,1.0096962618140113,8.729113361868464,1.0966878956788233,18.369813688609405
2023-09-09,0.8874882812383064,0.0061644432892333755,29.9499,15.948632481709678,20.83492264389217,2.101033319778188,8.635871812558877,0.8936527245275397,22.93595596367036
2023-09-10,0.9570601868637444,0.006132372753675134,28.66944,14.797958564340085,18.403649888186575,1.6375288920507947,8.523332974774249,0.9631925596174196,20.04117878023737
2023-09-11,0.9227459525787042,0.0070252836958194,26.006520000000002,13.425543709980923,17.364374499373913,2.0212863370544403,8.098223060561537,0.9297712362745236,19.385660836428354
2023-09-12,1.2479416833758095,0.005595619526411492,21.67266,13.064052465814575,13.900525951733352,1.7730615943258967,8.938913234431277,1.253537302902221,15.673587546059249
2023-09-13,0.6337063194291245,0.007946341085513682,30.87474,13.197862424502507,19.51040174045527,2.557081026759625,7.213069696831936,0.6416526605146382,22.067482767214894
2023-09-14,0.6494417163937721,0.0055399245825201926,31.33302,13.439406892988687,20.980912921280535,1.5575646028804613,7.4706348630545625,0.6549816409762923,22.538477524160996
2023-09-15,0.9084781986505878,0.004777567871244997,29.38938,14.250039336356755,20.96008633330062,1.3221615771383182,8.66314343497197,0.9132557665218327,22.282247910438937
2023-09-16,0.9936881966742028,0.006265626544022971,27.722640000000002,14.852182890865716,18.460614392868433,1.5783995340474235,8.678772374138475,0.9999538232182258,20.039013926915857
2023-09-17,1.6835072818957335,0.005511606608371606,18.4848,14.413200737407891,12.247468077280997,1.8146099182446565,10.89604019785251,1.689018888504105,14.062077995525653
2023-09-18,1.1661689683239493,0.007790575484228533,23.39394,13.33223093033685,15.293475474163682,2.622130004298647,9.014478716213603,1.1739595438081778,17.91560547846233
2023-09-19,1.216013847808185,0.008241109669496906,18.04512,13.268567434724401,10.942534108159036,2.988823047885903,8.468042208411724,1.224254957477682,13.931357156044939
2023-09-20,1.1724452898595639,0.004356344680467604,22.82124,12.935540844025752,16.104017790978222,1.4163413277799803,9.0376904796242,1.1768016345400314,17.520359118758204
2023-09-21,1.8149227973474824,0.004531176456570053,12.32742,13.204084762394057,7.164111392846524,1.3096033742285822,10.30876557633431,1.8194539738040525,8.473714767075107
2023-09-22,1.086073251901274,0.00906956584446739,23.75628,13.242534489967383,13.227925190584124,2.8097385844231946,8.289131049252271,1.0951428177457414,16.037663775007317
2023-09-23,1.244617665023992,0.008788652802883228,23.33148,14.768381486953942,12.1126454987635,2.5817260170976257,8.826844655770355,1.2534063178268753,14.694371515861127
2023-09-24,0.776900295938689,0.005794148094485209,32.48154,14.406378168037742,20.643583288282425,1.4209839440863359,8.054282603284936,0.7826944440331742,22.06456723236876
2023-09-25,1.50698801807935,0.007263980211297813,15.71808,13.29399547622665,8.772972915906161,2.4139249990069214,9.2487764959523,1.5142519982906477,11.186897914913082
2023-09-26,0.8720572655491083,0.0067210043048285895,25.935779999999998,13.195996764374605,17.12269078023693,2.076953436182494,7.836154803106003,0.8787782698539369,19.199644216419422
2023-09-27,1.4957068905017685,0.006872030249717034,13.0917,13.1043115772261,6.778513205254644,2.3798401535067395,8.847869683362804,1.5025789207514855,9.158353358761383
2023-09-28,1.048623368118161,0.005014320502175325,25.225260000000002,13.321199782969694,16.927274817864507,1.6752017547268006,8.589708986787121,1.0536376886203362,18.602476572591307
2023-09-29,1.729687071170587,0.007654699259574667,11.33982,13.330938390390479,4.785244916017056,2.5283005519046218,9.629224492742566,1.7373417704301617,7.313545467921678
2023-09-30,1.0877849754492774,0.0060825002114905805,28.13496,14.438417972667361,18.716376362911017,1.6679522776706808,9.159960550205277,1.093867475660768,20.3843286405817
2023-10-01,1.067148686809269,0.004718694736183444,28.119120000000002,14.6445073205036,19.292906507078918,1.4007865048844608,9.124559194401165,1.0718673815454525,20.69369301196338
2023-10-02,1.0832722759266042,0.004580878727422355,27.75564,13.733864851338122,20.469224351645977,1.3043560839205166,9.313763757962452,1.0878531546540267,21.773580435566494
2023-10-03,1.0702036742493182,0.006610164452150934,24.67794,13.018745774788377,16.329580984526487,2.15418240621362,8.634437970829305,1.0768138387014692,18.48376339074011
2023-10-04,0.9927328704929351,0.00668544333266349,26.28066,13.279569741041184,16.268111103079143,2.00279921830936,8.290714585480703,0.9994183138255986,18.270910321388502
2023-10-05,1.2022247236625179,0.00525375848221197,24.97764,13.820062261441297,16.17640899778676,1.4812137046141047,9.2759179052128,1.2074784821447297,17.657622702400865
2023-10-06,0.9346798556875986,0.00611708304650046,30.59898,13.940690931779393,19.401042628405634,1.951462485325155,8.657045370515421,0.9407969387340991,21.35250511373079
2023-10-07,1.1131234025160766,0.004426242634782069,29.51316,14.959553051902203,20.355832842201053,1.0781362719153735,9.574158033358149,1.1175496451508586,21.433969114116426
2023-10-08,0.9407747665013118,0.005785394403922718,28.59744,14.714354639585704,18.843220907465277,1.8023578406174965,8.50753536312233,0.9465601609052344,20.645578748082773
2023-10-09,0.9018019240982866,0.005044880115011538,28.06776,13.200332662852574,20.12301648745197,1.4841969891194524,8.42462417174777,0.9068468042132982,21.607213476571424
2023-10-10,1.1614551505233093,0.005020538637455756,24.64224,13.04801556521434,16.966581629073232,1.4910746812199593,9.040158603304507,1.166475689160765,18.457656310293192
2023-10-11,1.0632335566327646,0.0058773554110403145,25.52496,13.091155253365924,16.448781371757836,1.8716682800122793,8.586780876594819,1.069110912043805,18.320449651770115
2023-10-12,1.3391601726479945,0.004818475287564813,21.020039999999998,13.217912094847474,13.976076577506333,1.5956344005216776,9.361821458055596,1.3439786479355593,15.571710978028012
2023-10-13,2.2007514006697635,0.0037712679470925025,4.52118,13.004185813837385,1.9882218218669592,1.3464493209833344,11.105992626607152,2.204522668616856,3.3346711428502935
2023-10-14,1.825340118279441,0.007316449324875306,11.5461,14.451122819962402,5.078158878113955,2.3840967398058663,10.147840270742028,1.8326565676043165,7.462255617919821
2023-10-15,1.864135470038953,0.00657812819112465,19.1298,15.588150711340518,9.972843971049786,1.7773416737141374,11.379483709096597,1.8707135982300775,11.750185644763922
2023-10-16,1.2471294990787762,0.007219827508577663,27.85872,14.740292593650956,17.302702930984946,2.3404762703271755,9.920748444964088,1.254349326587354,19.643179201312122
2023-10-17,1.3919954915834722,0.005358110890498307,18.69144,13.365409670060666,12.575818323848516,1.9601793327975143,9.458508934210641,1.3973536024739706,14.53599765664603
2023-10-18,1.931196902049313,0.004738052582524228,8.96316,12.998063204253706,4.88929758410123,1.532958539637258,10.412597515782366,1.9359349546318372,6.422256123738488
2023-10-19,2.405282006500028,0.003071149464864202,4.68744,13.411667960266708,2.0399462558257873,0.7985816753022256,12.060784554035276,2.4083531559648925,2.838527931128013
2023-10-20,1.996749084627845,0.006231539771423852,8.59812,13.220216370404762,3.003525448236823,2.176186030424566,10.488946206701208,2.0029806243992687,5.179711478661389
2023-10-21,1.7972087043358436,0.006583955189014566,15.45984,14.57563184601214,7.9853253295851045,2.134198197326037,10.623749066866273,1.8037926595248581,10.119523526911141
2023-10-22,1.7418785365512441,0.008262809465454669,14.71488,14.706363667517987,6.900024095476448,2.622201621832859,10.118180140201114,1.7501413460166988,9.522225717309308
2023-10-23,2.0914399088484914,0.005147498135047069,8.75076,13.24412479279699,4.373918674163997,1.7228837350368469,11.120467822494012,2.0965874069835384,6.096802409200844
2023-10-24,1.9774419728306645,0.0058101468615695175,8.69112,13.142687218171782,4.126610626585721,1.923039875149218,10.657842735063893,1.983252119692234,6.04965050173494
2023-10-25,2.452834450169492,0.002161255512717038,2.3694599999999997,13.228043457038073,1.0223843655111189,0.6503180423921304,12.078076907052601,2.454995705682209,1.6727024079032493
2023-10-26,2.4738466489417723,0.0020728046645903555,1.6897199999999999,12.913379841375532,0.4872597201750572,0.5743184154554666,12.039454549467143,2.4759194536063625,1.0615781356305238
2023-10-27,2.18867565951154,0.004105740733006094,6.81024,13.112400977457728,2.779082287906318,1.372976619462376,11.232627716114592,2.192781400244546,4.152058907368694
2023-10-28,2.6026679196373093,0.0032394504175683706,2.457,14.282921149044354,1.0642446384099122,1.219173915159963,12.932912263130282,2.6059073700548776,2.2834185535698754
2023-10-29,1.8811594490037007,0.006121480655523298,15.09822,14.599501264540075,7.97524250149414,1.9013693519935164,10.986134721465598,1.887280929659224,9.876611853487656
2023-10-30,1.9861381836516943,0.006081815830079907,9.51174,13.419655586101438,4.522381364981889,2.1476851295658785,10.69623744034258,1.9922199994817742,6.670066494547768
2023-10-31,1.538311693443439,0.005520850298049589,18.89568,13.563963038487335,12.089677412758112,1.9215454816301283,10.050461725486505,1.5438325437414886,14.01122289438824
2023-11-01,2.0619202783733934,0.006780148126015805,13.99314,15.847929137620822,7.525557479421526,2.382811584456512,11.830702391149961,2.0687004264994093,9.908369063878038
2023-11-02,2.3162853801127357,0.004931850212152328,6.216419999999999,13.83876312675828,2.3053681872419713,1.5969800775968315,11.863357212305475,2.321217230324888,3.902348264838803
2023-11-03,2.3290583272996934,0.004857338610232483,4.93716,13.788344061158645,1.4838393070202172,1.6126033554732175,11.691688989819504,2.333915665909926,3.096442662493435
2023-11-04,2.201068687425068,0.005876274955820865,10.22946,14.551898035774865,4.175110294990808,1.9108030827592881,11.8319789086089,2.2069449623808888,6.085913377750096
2023-11-05,1.606492150643253,0.006889337009892707,17.79816,14.347776675185914,10.082976184339017,2.337366177729725,10.15687854816444,1.6133814876531458,12.420342362068743
2023-11-06,2.305641079922403,0.004851527123944663,7.48014,13.668547067081182,3.571122887664824,1.420111394902278,12.011947837604378,2.310492607046348,4.9912342825671026
2023-11-07,1.9872159101279474,0.008009328817683665,11.20854,15.192820724540633,4.933106951842278,2.5337782916920966,10.822588878485856,1.995225238945631,7.466885243534374
2023-11-08,2.0077054375157237,0.005114218782017196,13.26642,14.011630992920576,7.22946269552654,1.5056974211495329,11.444960620064546,2.012819656297741,8.735160116676074
2023-11-09,1.5947609488195575,0.006934600508382906,16.94172,13.378214977731275,9.258826694023043,2.3755067616277143,9.897664789317256,1.6016955493279406,11.634333455650758
2023-11-10,1.4162996357891842,0.00718360355177105,19.80384,13.685457549208193,11.296285103091806,2.258456122074869,9.424313985184055,1.423483239340955,13.554741225166676
2023-11-11,3.345081713126604,0.004849180011250903,4.98888,19.457720023761485,1.8482674177615637,1.1607381170073285,16.785535710592058,3.349930893137855,3.0090055347688924
2023-11-12,2.6167865981175327,0.002350127628356076,2.8251,14.280306548091868,1.0379393930045662,0.7420402624658953,12.923858198989105,2.619136725745889,1.7799796554704614
2023-11-13,2.473071470088666,0.0023886551991544307,2.5457400000000003,13.167654679813046,1.1455830981501633,0.8076904316708532,12.203235710004593,2.47546012528782,1.9532735298210167
2023-11-14,2.4168924509477114,0.0023052476014009736,2.8508999999999998,13.072025344649598,1.2612964438848493,0.6567288551339302,11.880703469650317,2.4191976985491124,1.9180252990187796
2023-11-15,1.5393930476326965,0.00724422604927611,19.89366,13.574176720821836,10.968173489310892,2.1970166318896878,9.868563510652656,1.5466372736819727,13.165190121200581
2023-11-16,1.6725296839074097,0.0070336798621115255,14.297699999999999,12.895652615746881,7.755320443241894,2.444454161243361,9.900799013224699,1.6795633637695213,10.199774604485254
2023-11-17,1.9534632011943889,0.006682820907551163,10.69308,13.699318571389366,4.630367746063203,2.3238867723426955,10.60639631883424,1.96014602210194,6.954254518405898
2023-11-18,2.14985105160278,0.006231582071845732,9.41736,14.643203772138218,3.9318799149074257,1.9899207640449381,11.44480359403215,2.1560826336746257,5.921800678952364
2023-11-19,1.7340432443610354,0.005312489220627689,19.7247,14.440184619273394,11.2040471378181,1.578131085799742,10.771381334818226,1.7393557335816632,12.78217822361784
2023-11-20,1.8788990963961452,0.0068333366143345595,12.2127,13.372189160510176,5.239171821803033,2.209460578253201,10.283538786887515,1.8857324330104797,7.448632400056234
2023-11-21,1.8634177279493245,0.006523526456738656,13.2576,13.416460084569403,6.162121811211526,2.1429687179466232,10.48410439991815,1.8699412544060632,8.30509052915815
2023-11-22,1.899971021856813,0.007635754991565541,19.56444,15.459066595677582,10.64670561456764,2.239449624535611,11.68368758694638,1.9076067768483786,12.886155239103251
2023-11-23,2.7395189204472827,0.00497962704678495,6.62946,16.54184615854217,2.4139221869542298,1.4337824743821304,14.10269152467258,2.7444985474940675,3.84770466133636
2023-11-24,2.094564346381226,0.007021979177444004,12.77328,14.370637461437111,5.8538404072349675,2.2244539937747136,11.520517289296087,2.10158632555867,8.078294401009682
2023-11-25,3.0996672040294415,0.01076083006046502,16.8783,22.859365428832017,7.3129473104394975,3.2297814648505656,17.178038423341444,3.1104280340899066,10.542728775290064
2023-11-26,3.0717930406655696,0.011016192772397211,18.4761,24.315446899671887,7.417103890633374,3.202545836426696,17.376817052747676,3.082809233437967,10.61964972706007
2023-11-27,2.546726019479069,0.004527834750467708,4.69956,15.003548112583191,1.893033376670211,1.4187679353904052,13.149887661958356,2.551253854229537,3.3118013120606165
2023-11-28,1.9953015614988814,0.00833767739320656,23.64162,17.078138238614418,13.648723180508853,2.476082425610599,12.795219873539244,2.003639238892088,16.124805606119452
2023-11-29,3.025228521456854,0.00947408306623805,10.11696,20.9898611756334,3.450227172311872,2.4236486387749903,15.912821428732698,3.034702604523092,5.873875811086862
2023-11-30,3.3326514464559573,0.0046097369069146065,3.49416,18.75789307937886,1.108337951973885,1.3366835112435445,16.686696910213005,3.337261183362872,2.4450214632174294
2023-12-01,3.695382502931156,0.004684370850893253,3.4015199999999997,20.337820051436466,1.2865599025985597,1.0584705947384654,18.268492196901793,3.7000668737820495,2.3450304973370253
2023-12-02,3.256228460016785,0.01495406239112138,23.2446,26.346487755566233,8.062170013285607,4.522900176973882,18.433065681867795,3.2711825224079063,12.58507019025949
2023-12-03,3.3394031461221068,0.009184163511973842,15.38682,22.891139272445706,6.442378298331589,2.7318259027196454,18.53598515379498,3.348587309634081,9.174204201051236
2023-12-04,2.5469265714130693,0.005066943895367034,7.0503,15.68650801772996,3.196736041607201,1.434467307450551,13.282009687600272,2.5519935153084363,4.631203349057752
2023-12-05,2.1797930301843738,0.009900698201952187,15.44922,17.23947863422459,8.200245808771044,3.2192987751557998,12.802696487743797,2.189693728386326,11.419544583926843
2023-12-06,2.8445934765646634,0.011256725658545495,16.466639999999998,21.095360466576253,6.672094978409797,3.4831696464842254,16.23998378340973,2.855850202223209,10.155264624894023
2023-12-07,3.538934857569132,0.0024274011935878975,1.3626,18.399596767474033,0.3662328693187233,0.5709092093852156,17.429480115229826,3.54136225876272,0.9371420787039388
2023-12-08,1.8029810714526933,0.007312544422119697,13.6377,13.74297517076248,6.193598644419104,2.060469317017474,10.161160100408111,1.8102936158748129,8.254067961436578
2023-12-09,2.7021612460733446,0.0021527131927416236,2.29284,14.587446741542385,1.098084083076149,0.5007791152085416,13.263411941825499,2.704313959266086,1.5988631982846906
2023-12-10,2.9400006853828504,0.0008652079675600528,0.8795399999999997,14.496725468929355,0.27820969192886313,0.0,14.152522055849378,2.9408658933504106,0.27820969192886313
2023-12-11,2.371752919723599,0.0032203765808673755,1.9975799999999997,13.019651499596236,0.7895934695535596,1.072880268004691,11.649365516840689,2.374973296304466,1.8624737375582505
2023-12-12,2.43905794184722,0.0024181262444881255,2.48208,13.174505140270261,0.9635626137885148,0.7147336284775696,11.94927845498159,2.441476068091708,1.6782962422660845
2023-12-13,1.8134317350272429,0.006633734536375722,18.0864,14.222210235995833,9.512120774187864,2.114071993291902,10.981115325223909,1.8200654695636185,11.626192767479765
2023-12-14,2.8126558211105475,0.00472032218093278,4.06512,16.04761316608008,1.1532141422764062,1.3182520200662586,13.984104490866399,2.8173761432914803,2.471466162342665
2023-12-15,2.2961137185634257,0.007775782696883234,12.0603,16.384873685748143,5.689705831687778,2.3840646026044445,12.627694211127865,2.303889501260309,8.073770434292223
2023-12-16,3.539922459245234,0.0072986345224893305,9.675180000000001,22.529748614254625,4.190587652582825,1.6883075354112713,18.455768304665263,3.5472210937677233,5.878895187994097
2023-12-17,4.844444312226627,0.005729152353330011,1.41516,25.96941272064833,0.1154997561448215,1.3886817003948204,23.637621485428088,4.850173464579957,1.5041814565396419
2023-12-18,4.5400698648321605,0.004394699910021093,1.45608,24.154469795410257,0.07187198937320699,0.8697512008631865,22.39533152773373,4.5444645647421815,0.9416231902363934
2023-12-19,3.33753277136723,0.002647226852493542,1.8383399999999999,17.591829710885033,0.5672604871502811,0.5909675276281409,16.491110232815984,3.340179998219724,1.1582280147784219
2023-12-20,1.8335297634219008,0.008920240316445486,18.6678,15.712898895793643,9.002498849582611,2.9863509805025608,11.16398262227542,1.8424500037383462,11.988849830085172
2023-12-21,2.443640893918994,0.0027441079197921972,3.3324599999999998,13.781402669865365,1.253276807751059,0.7402170076698912,12.142623570679115,2.4463850018387863,1.9934938154209503
2023-12-22,2.645676126284798,0.0024044794512486827,2.48754,14.181916616466852,0.8995543112673459,0.7304662772541133,12.933043240929583,2.648080605736047,1.6300205885214591
2023-12-23,2.4023172824981325,0.00726773508507263,8.55462,15.61085962554707,2.3839645733239356,2.3651232231450283,12.497983176619512,2.409585017583205,4.749087796468964
2023-12-24,1.7406215840167272,0.006813501343346726,18.48144,14.832618944505938,9.631007336948633,2.101994608804381,10.661410570299436,1.747435085360074,11.733001945753013
2023-12-25,2.6852387648075777,0.005530348031296119,7.31982,16.371239733502925,2.770388504065364,1.576944009619106,13.551199999032734,2.6907691128388738,4.347332513684471
2023-12-26,2.7826811034683545,0.004654965107340122,4.7058599999999995,15.84931845549358,1.799986613817215,1.3965516171740089,13.785809582810606,2.7873360685756947,3.196538230991224
2023-12-27,2.8593985431286453,0.00681905441239279,7.990740000000001,17.987536407778443,2.8769566801338495,1.9898399906716797,14.58823061640183,2.866217597541038,4.866796670805529
2023-12-28,2.6533411450306463,0.002802753248444273,2.83938,14.110348758065477,1.019788966743797,0.632654553995985,12.8843676245888,2.656143898279091,1.6524435207397818
2023-12-29,1.5557417666603328,0.006875721123598358,18.100740000000002,13.888938373470609,9.379179760808677,1.9637896829318482,9.609192096505817,1.5626174877839312,11.342969443740525
2023-12-30,2.335750896427102,0.005522022058699778,8.36964,15.446102224787412,2.962111785318911,1.627320760275055,12.033756453506898,2.3412729184858017,4.589432545593966
2023-12-31,1.9471661171350598,0.008226316279669885,11.36886,13.87414547138703,4.368361812939585,2.7286880871910943,10.460623820884509,1.9553924334147297,7.0970499001306795
